﻿<?xml version="1.0" encoding="utf-8"?>
<Window size="321,646" caption="0,0,0,75" bktrans="true">
	<Font name="微软雅黑" size="12" />
	<Font name="微软雅黑" size="14" />
	<Font name="微软雅黑" size="16" />
	<Font name="微软雅黑" size="22" bold="true"/>
	
	<VerticalLayout	bkimage="bk.png">
	  <HorizontalLayout height="75">
		  <Control />
		  
			<Button name="btn_close" tooltip="关闭" visible="false" padding="0,24,0,0" showcursor="true" width="32" height="32" normalimage="file='btn_close_nor.png'" hotimage="file='btn_close_hot.png'" pushedimage="file='btn_close_nor.png'"/>
			
			<Control width="20" />
		</HorizontalLayout>
		
		<Control height="180" />
		
		<Control width="50" height="62" padding="135,0,0,0" bkimage="file='logo.png'" />
		
		<Control height="20" />
		
		<VerticalLayout height="36" name="slogan">
		  <Control width="140" height="36" padding="90,0,0,0" bkimage="file='slogan.png'" />
		</VerticalLayout>
		
		<Control height="40" />
		
		<HorizontalLayout>
		  <TabLayout name="tab_main">
		    <VerticalLayout>
					<Control height="50" />
					
					<HorizontalLayout height="42" padding="5,0,0,0">
					  <Control />
					  
					  <VerticalLayout width="160">
						  <Progress name="progress" width="160" height="5" padding="0,7,0,0" bkimage="progress_bk.png" foreimage="progress.png" min="0" max="100" value="0" isstretchfore="false"/>
						  
						  <Control height="12" />
						  
						  <Label name="lbl_status" width="160" text="正在检测更新……" height="18" font="0" textcolor="#FF000000" valign="center"/>
						</VerticalLayout>
						    
						<Button name="btn_update_restart" visible="false" width="20" height="20" padding="10,0,0,18" showcursor="true" normalimage="btn_install_restart_nor.png" />
						    
						<Button name="btn_update_close" visible="false" width="20" height="20" padding="5,0,0,18" showcursor="true" normalimage="btn_install_close_nor.png"/>
						
						<Control />
					</HorizontalLayout>
					
					<Control />
				</VerticalLayout>
				
				<VerticalLayout>
					<Control />
					<Button name="btn_run" width="159" height="30" padding="81,0,0,0" showcursor="true" normalimage="btn_run_nor.png" hotimage="btn_run_hot.png" pushedimage="btn_run_nor.png"/>
					
					<Control height="10" />
					
					<Button name="btn_exit" width="159" height="30" padding="81,0,0,0" showcursor="true" normalimage="file='btn_exit_nor.png'" hotimage="btn_exit_nor.png" pushedimage="btn_exit_nor.png"/>
					
					<Control height="50"/>
				</VerticalLayout>
		  </TabLayout>
		</HorizontalLayout>
		
		<Control height="75"/>
	</VerticalLayout>
</Window>